Product Name,Price
BLON X HBB Z300,35.00 
KZ x HBB PR2,45.00 
Kiwi Ears Dolce,24.99 
TRN XuanWu,29.80 
Moondrop JIU,24.99 
KZ D-FI,26.00 
SIMGOT EW100P,19.99 
KiiBOOM Allure,99.00 
7HZ Legato,109.00 
Tripowin Piccolo,35.00 
KiiBOOM Evoke,169.00 
TRI Star River,59.00 
TRN Rosefinch,45.80 
SIMGOT EA500,79.00 
SeekReal Dawn Pro,249.00 
Hidizs MS5,439.00 
KZ ZVX,19.99 
Yanyin Moonlight Ultra,"1,289.00 "
TRN TA3,58.00 
BQEYZ Winter,239.00 
TRN MT4,16.80 
SIMGOT EA2000,319.99 
Simphonio PB10,449.99 
Moondrop Lan,39.99 
TinHiFi C5,69.00 
KZ Ling Long,14.00 
Moondrop Droplet,49.99 
JOYODIO SHINE,79.99 
KZ ZAR,80.00 
HZSOUND Heart Mirror Zero,35.00 
Kinera QOA Gimlet,59.00 
KZ SA08 PRO,58.99 
TKZK Ouranos,55.00 
FiiO FH15,229.99 
7Hz x Crinacle: Salnotes Dioko,99.00 
KZ ZNA,22.00 
TRN TA3,58.00 
BQEYZ Winter,239.00 
TRN MT4,16.80 
SIMGOT EA2000,319.99 
Simphonio PB10,449.99 
Moondrop Lan,39.99 
TinHiFi C5,69.00 
KZ Ling Long,14.00 
Moondrop Droplet,49.99 
JOYODIO SHINE,79.99 
KZ ZAR,80.00 
HZSOUND Heart Mirror Zero,35.00 
Kinera QOA Gimlet,59.00 
KZ SA08 PRO,58.99 
TKZK Ouranos,55.00 
FiiO FH15,229.99 
7Hz x Crinacle: Salnotes Dioko,99.00 
KZ ZNA,22.00 
TRN TA3,58.00 
BQEYZ Winter,239.00 
TRN MT4,16.80 
SIMGOT EA2000,319.99 
Simphonio PB10,449.99 
Moondrop Lan,39.99 
TinHiFi C5,69.00 
KZ Ling Long,14.00 
Moondrop Droplet,49.99 
JOYODIO SHINE,79.99 
KZ ZAR,80.00 
HZSOUND Heart Mirror Zero,35.00 
Kinera QOA Gimlet,59.00 
KZ SA08 PRO,58.99 
TKZK Ouranos,55.00 
FiiO FH15,229.99 
7Hz x Crinacle: Salnotes Dioko,99.00 
KZ ZNA,22.00 
TRN TA3,58.00 
BQEYZ Winter,239.00 
TRN MT4,16.80 
SIMGOT EA2000,319.99 
Simphonio PB10,449.99 
Moondrop Lan,39.99 
TinHiFi C5,69.00 
KZ Ling Long,14.00 
Moondrop Droplet,49.99 
JOYODIO SHINE,79.99 
KZ ZAR,80.00 
HZSOUND Heart Mirror Zero,35.00 
Kinera QOA Gimlet,59.00 
KZ SA08 PRO,58.99 
TKZK Ouranos,55.00 
FiiO FH15,229.99 
7Hz x Crinacle: Salnotes Dioko,99.00 
KZ ZNA,22.00 
CCA FLA,13.00 
TINHIFI T4 PLUS,119.00 
Custom Art Fibae 5,999.00 
Kinera Pandamon,59.00 
TINHIFI C3,49.00 
TinHiFi C2,29.00 
HarmonicDyne Devil,199.00 
KZ PR1 PRO,80.99 
Open Audio Witch Pro,99.00 
THIEAUDIO Prestige,149.00 
KZ EDCX,9.50 
SGOR Venus,19.99 
NICEHCK F1,149.00 
NiceHCK NX7 MK4,109.00 
Audio Ehhiku,199.00 
CCA CXS,18.90 
DUNU Kima / Kima Classic,109.99 
XENNS Mangird Top,530.00 
7HZ Timeless AE,259.00 
CCA HM20,60.00 
SeekReal Dawn,179.00 
MUSE HiFi ME1,199.00 
LZ AX,699.00 
TRN MT3,14.80 
TANCHJIM OLA Bass,42.99 
KSEarphone DB1/DB1E,119.00 
GoldPlanar GL-AMT16,"1,499.00 "
KZ PR1,66.00 
Unique Melody Multiverse Mentor,"4,499.00 "
SUPERTFZ FORCE KING,129.00 
SUPERTFZ FORCE 5,199.00 
LETSHUOER S12 PRO,169.00 
HZsound Heart Mirror Pro,79.99 
TINHIFI T2 DLC,59.00 
Moondrop Stellaris,109.99 
Kinera Gumiho,49.00 
HZsound  Waist Drum,38.99 
HZsound Bell Rhyme,35.99 
TRN EMX,39.80 
NF Audio NA3,69.99 
Tripowin x HBB Olina SE,5.99 
Tripowin Rhombus,79.00 
Tripowin Cencibel,49.00 
THIEAUDIO Oracle MKII,89.00 
KZ ZS10 PRO X,38.00 
CCA PLA13,63.99 
MoonDrop Quarks,12.99 
BLON Z200,19.99 
Moondrop SSR/ SSP,39.99 
TRN ST5,59.80 
Shanling MG800,899.00 
Yanyin x HBB Mahina,649.00 
Moondrop Illumination,799.99 
Moondrop S8,699.99 
Moondrop Solis,"1,099.99 "
KZ VXS,58.00 
Moondrop Starfield,109.99 
Moondrop Variations,520.00 
Moondrop Aria,79.99 
Moondrop Aria Snow Edition,79.99 
TANCHJIM ZERO,14.99 
Moondrop Chu,19.99 
LETSHUOER D13,119.00 
KZ AS16 Pro,55.00 
Unique Melody Maven Pro,"1,799.00 "
Kinera Hodur,299.00 
RAPTGO Leaf D01,129.00 
CCA LYRA,17.99 
Rose Photon,14.99 
Rose Technics Aura Evo,29.99 
Rose QT9 MK2S,249.00 
Leisurely Audio E16,"1,303.99 "
BQEYZ Topaz,89.90 
Leisurely Audio L12,573.99 
Leisurely Audio L6,244.99 
DUNU VULKAN DK-X6,379.99 
Tanchjim Tanya,21.99 
Tanchjim Ola,39.99 
Hidizs MD4,189.00 
KZ ESX,19.00 
Kinera QoA Margarita,549.00 
TANSIO MIRAI SANDS,319.00 
SeekReal Fusion,359.00 
SeekReal Proser,"1,199.00 "
BLON Fat Girl,9.99 
TRN Kirin,129.80 
JQ 4Upro,239.99 
iF Current 51,269.99 
iF Curiosity 31,199.99 
iF D5,119.99 
iF D2,89.99 
SeekReal Airship,179.00 
Yanyin Moonlight,649.00 
Yanyin Canon,349.00 
Open Audio Alkaid,935.00 
TRN TA1 Max,46.00 
KZ EDX Ultra,20.99 
Unique Melody 3DT,399.00 
HiBy Lasya,199.00 
CCA CRA+,27.88 
Unique Melody Mirage,"1,000.00 "
Unique Melody MASON FuSang,"4,588.00 "
THIEAUDIO Elixir,209.00 
Unique Melody Mentor V3+,"2,599.00 "
Unique Melody Mini MEST,660.00 
Shanling MG600,639.00 
NiceHCK M5,179.00 
TINHIFI P1 MAX,99.00 
Unique Melody  MEST MKII,"1,499.00 "
MUSE HiFi Power,199.00 
KZ EDA,38.99 
THOR Mjölnir MKII,399.00 
Hidizs  Mermaid MM2,79.00 
Heartfield Acoustic Deer,169.00 
Kinera URD,650.00 
Open Audio MERCURY,629.00 
KZ DQ6S,32.99 
Tipsy TTROMSO PineStone Sea,89.00 
Xenns Mangird Tea2,349.99 
7HZ Eternal,249.00 
Shozy Magma,499.00 
LETSHUOER S12,149.00 
MiM Audio Dark Magician (Revised Version),599.00 
TRIPOWIN X HBB Olina,5.99 
TFZ TEQUILA PRO,179.00 
FiiO FH9,599.99 
CCA CA10,47.00 
DUNU Titan S,69.00 
KINERA IDUN 2.0,169.00 
BLON BL07,45.00 
CCA CRA,14.00 
KZ ZEX PRO,32.99 
TinHiFi T3 Plus,69.00 
TRN TA,17.98 
TKZK Wave,39.00 
TANCHJIM ECHO,99.00 
BQEYZ AUTUMN,199.00 
Audio Hekili,299.00 
TRN TA2,49.80 
THIEAUDIO V16 Divinity,"1,499.00 "
THIEAUDIO Monarch MKII,999.00 
TinHiFi P1 Plus,119.00 
Audiosense AQ0,99.00 
CCA CA16 PRO,65.00 
Audiosense DT600,248.00 
Audiosense DT200,149.00 
AUDIOSENSE DT300,179.00 
AUDIOSENSE DT100,109.00 
Fearless Barcelona,118.00 
Fearless Shangri-la,228.00 
Simphonio P10,"1,052.00 "
BLON BL-MAX,36.99 
TRN VX Pro,89.80 
LZ A4 Pro,259.00 
TRN CS2,8.80 
CCA CA24,128.00 
FiiO FD7,629.00 
TinHiFi T2 EVO,59.99 
KZ EDX Pro,13.00 
CCA C12,38.00 
NiceHCK NX7 MK3,119.00 
NiceHCK DB3,19.99 
LZ A2 PRO,139.00 
TANCHJIM PRISM,599.99 
Tripowin Mele Fiter Kit,5.99 
Shozy Ceres,179.99 
SeeAudio Bravery,279.00 
Kinera Baldr 2,"1,399.00 "
TRN X7,128.00 
7HZ Timeless,199.99 
NF AUDIO NE4,749.00 
Simphonio RX10,640.00 
GoldPlanar GL12,198.00 
Fiio FD3/FD3 Pro,109.00 
DDHiFi JANUS 2,149.99 
TRN AM1,17.80 
KZ SK10,42.99 
Ranko Acoustics RIE-1000,470.00 
Ranko Acoustics RIE-880,140.00 
Fearless Audio S8Freedom S8Pro,489.00 
KZ ZAS,68.99 
Hiby Crystal 4,299.99 
LETSHUOER  EJ07M,669.00 
Dethonray Tender I,639.00 
THIEAUDIO Legacy 2,99.00 
Mangird XENNS UP,699.99 
KZ Z3,43.99 
BLON BL-A8 Prometheus,79.99 
TFZ MY LOVE 4,89.00 
TRN ST2,13.80 
HarmonicDyne P.D.1,379.00 
TRN MT1,9.50 
KZ AST,128.00 
Kinera Odin 2.0,849.00 
TinHiFi T5,129.00 
TANSIO MIRAI Land,599.99 
NF NA2+,169.00 
FiiO FH5s,279.00 
THIEAUDIO Oracle,539.00 
Kiwi Ears Orchestra,499.00 
7HZ i88 MINI,124.99 
BLON BL-Mini,29.99 
TFZ KING RS,239.00 
Hidizs MS1-Rainbow,69.99 
Hidizs MS2,79.00 
BQEYZ Summer,129.00 
PMV PP,189.99 
CCA CSN,15.99 
QOA Adonis,180.00 
TRN TA1,40.00 
Kinera Norn,509.00 
Audio Lokahi,239.00 
LETSHUOER EJ09,"1,299.00 "
SeeAudio Neo,"1,099.00 "
Shanling ME80,99.00 
SeeAudio Kaguya,"1,399.00 "
SeeAudio Yume,169.00 
KZ DQ6,27.00 
CCA CKX,69.90 
THIEAUDIO Legacy 4,195.00 
CCA CS16,110.00 
TFZ LIVE X,229.00 
DDHIFI Janus,249.00 
7HZ Beatles,259.00 
AUNE Jasper,299.00 
iBasso IT07,899.00 
CCA CST,19.00 
BLON BL01,22.99 
LETSHUOER  Tape Pro,179.00 
TINHIFI T1 Plus,29.99 
DUNU Studio SA6,549.99 
TINHIFI P2,369.00 
NF Audio NM2+,169.00 
Shozy Black Hole,749.00 
BLON T3,13.99 
TRN V90s,49.80 
KZ ASF,60.00 
Fearless Tequila,399.00 
BLON BL-05S,49.99 
KZ EDX,9.99 
KZ ZAX,60.00 
CCA C10 PRO,40.80 
IBASSO IT00,79.00 
TRN STM,23.00 
DDHIFI DJ35AG/DJ44AG,22.00 
KZ ZSN PRO X,21.00 
Fearless ACME10,"1,799.00 "
Astrotec Phoenix,859.00 
KZ ZST X,16.00 
7HZ i88,249.00 
KINERA Baldr,"1,399.00 "
Senfer MT300,165.00 
BQEYZ Spring2,169.00 
Kinera Freya,249.00 
Shozy Rouge,179.00 
LETSHUOER Conductor,"1,029.00 "
Toneking lucifer,169.98 
BLON BL-05,42.00 
QOA Mojito,399.00 
7HZ i99,479.99 
GoldPlanar GL400,79.99 
GoldPlanar GL600,179.99 
Reecho & Peacock Audio Spring,116.10 
Fearless Audio x Crinacle Dawn,"1,399.00 "
Simphonio VR1,"2,299.00 "
Kinera Nanna,899.00 
Shozy Form1.4,199.00 
LETSHUOER Singer,119.00 
Fearless Audio S8Z,589.00 
WG T-one,99.00 
Tansio Mirai  TSMR-12 ZODIAC,"1,329.00 "
Toneking EA Electrostatic Alpha,629.99 
Toneking P10,199.99 
TRN ST1,23.99 
TIN HIFI T4,109.00 
GuideRay GR-V5,189.99 
FAAEAL Hibiscus,69.99 
Tipsy Dunmer Pro,189.00 
LETSHUOER / SOWE EJ07,899.00 
TFZ KING EDITION,129.00 
TRN BA5,69.99 
Shozy Form1.1,74.99 
LETSHUOER  H27,109.00 
LETSHUOER  Tape,129.00 
TFZ S2 PRO,40.50 
BLON BL-03,26.99 
Fearless Audio S6Rui S6Pro,389.00 
TONEKING BL1,209.00 
Toneking T88k,399.00 
Fearless Audio ACME,"1,099.00 "
Fearless Audio S10Genie,699.00 
KZ ZSN PRO,21.00 
CCA C10,38.00 
NFAudio NF3u,450.00 
NFAudio NF4u,550.00 
Shozy & NEO BG,279.00 
Shanling ME500,269.00 
TanchJim Blues,79.99 
TFZ S7,359.00 
TFZ Secret Garden,199.00 
TFZ Secret Garden III,359.00 
Tipsy Dunmer,119.00 
TinHiFi T2,42.49 
KZ ZS10,40.50 
KZ ZS10 Pro,45.00 
KZ AS10,55.00 
TinHiFi T3,69.99 
Fearless Audio Paladin Series - La hire / Roland / Lancelot,609.00 
Fearless Audio Crystal Pearl,199.00 
KZ ZSX,49.99 
AUDIRECT BEAM4,239.99 
DUNU SA6 MKII,579.00 
RAPTGO Bridge,159.00 
KZ EDXS,12.00 
Yanyin Canon II,379.00 
TANGZU Princess Chang Le,15.00 
TANGZU Wan'er S.G,19.00 
BQEYZ X Angelears Winter Ultra,279.00 
Yanyin Aladdin,245.00 
Moondrop Blessing 3,319.99 
TRN TA4,86.99 
Fearless Audio HyperS,899.00 
TANCHJIM Kara,179.00 
TRN VX,72.99 
THIEAUDIO Prestige LTD,"1,299.00 "
Kiwi Ears Quintet,219.00 
KZ ASX,99.00 
Unique Melody  MEXT,"1,099.00 "
Shozy B2,439.00 
Kinera Nanna 2.1 Z-Tune Edition,949.00 
Leisurely Audio L8,344.99 
Kiwi Ears Quartet,109.00 
Tripowin x HBB Kailua,79.00 
Hidizs MS3,119.00 
KZ Krila,15.90 
ND NICE,26.90 
Shanling Sono,79.00 
Simphonio P-Zero/P0,"4,899.00 "
BLON x Z Jojo,49.00 
THIEAUDIO Monarch MKIII,999.00 
Moondrop Starfield 2,109.99 
Moondrop Solis 2,"2,699.00 "
DUNU Alpha 3,79.99 
Moondrop Space Travel,24.99 
SIMGOT EW200,39.99 
CCA DUO,29.00 
Moondrop Beautiful World,777.00 
CVJ Konoka,19.00 
Moondrop Chu II,18.99 
Moondrop Joker,79.99 
SIMGOT EM6L,109.99 
7HZ Salnotes Zero,22.99 
Kinera Celest Wyvern Pro,25.00 
QKZ x HBB,19.99 
KZ VXS Pro,69.90 
DDHIFI E2023 Janus3,129.99 
Heartfield Orange,389.99 
CCA Pianist,39.99 
Kiwi Ears Orchestra Lite,249.00 
FiiO FX15,749.99 
THIEAUDIO Hype 2,299.00 
7HZ Sonus,59.99 
TANGZU FUDU VERSE 1,89.00 
TRN Mars,54.99 
TRN BA16,234.00 
QOA Aviation,199.00 
TANCHJIM ONE,24.99 
TINHIFI C0,13.99 
DUNU Falcon Ultra,239.99 
Kiwi Ears Cadenza,34.99 
KZ Castor,14.99 
Yanyin Moonlight (2023 Version),649.00 
TempoTec IM05,139.00 
Hidizs MS1 Galaxy,15.99 
Moji Monica Lostland,519.00 
Moondrop Dark Saber,799.99 
LetShuoer DZ4,89.00 
,"35.00 45.00 24.99 29.80 24.99 26.00 19.99 99.00 109.00 35.00 169.00 59.00 45.80 79.00 249.00 439.00 19.99 1,289.00 58.00 239.00 16.80 319.99 449.99 39.99 69.00 14.00 49.99 79.99 80.00 35.00 59.00 58.99 55.00 229.99 99.00 22.00 58.00 239.00 16.80 319.99 449.99 39.99 69.00 14.00 49.99 79.99 80.00 35.00 59.00 58.99 55.00 229.99 99.00 22.00 58.00 239.00 16.80 319.99 449.99 39.99 69.00 14.00 49.99 79.99 80.00 35.00 59.00 58.99 55.00 229.99 99.00 22.00 58.00 239.00 16.80 319.99 449.99 39.99 69.00 14.00 49.99 79.99 80.00 35.00 59.00 58.99 55.00 229.99 99.00 22.00 13.00 119.00 999.00 59.00 49.00 29.00 199.00 80.99 99.00 149.00 9.50 19.99 149.00 109.00 199.00 18.90 109.99 530.00 259.00 60.00 179.00 199.00 699.00 14.80 42.99 119.00 1,499.00 66.00 4,499.00 129.00 199.00 169.00 79.99 59.00 109.99 49.00 38.99 35.99 39.80 69.99 5.99 79.00 49.00 89.00 38.00 63.99 12.99 19.99 39.99 59.80 899.00 649.00 799.99 699.99 1,099.99 58.00 109.99 520.00 79.99 79.99 14.99 19.99 119.00 55.00 1,799.00 299.00 129.00 17.99 14.99 29.99 249.00 1,303.99 89.90 573.99 244.99 379.99 21.99 39.99 189.00 19.00 549.00 319.00 359.00 1,199.00 9.99 129.80 239.99 269.99 199.99 119.99 89.99 179.00 649.00 349.00 935.00 46.00 20.99 399.00 199.00 27.88 1,000.00 4,588.00 209.00 2,599.00 660.00 639.00 179.00 99.00 1,499.00 199.00 38.99 399.00 79.00 169.00 650.00 629.00 32.99 89.00 349.99 249.00 499.00 149.00 599.00 5.99 179.00 599.99 47.00 69.00 169.00 45.00 14.00 32.99 69.00 17.98 39.00 99.00 199.00 299.00 49.80 1,499.00 999.00 119.00 99.00 65.00 248.00 149.00 179.00 109.00 118.00 228.00 1,052.00 36.99 89.80 259.00 8.80 128.00 629.00 59.99 13.00 38.00 119.00 19.99 139.00 599.99 5.99 179.99 279.00 1,399.00 128.00 199.99 749.00 640.00 198.00 109.00 149.99 17.80 42.99 470.00 140.00 489.00 68.99 299.99 669.00 639.00 99.00 699.99 43.99 79.99 89.00 13.80 379.00 9.50 128.00 849.00 129.00 599.99 169.00 279.00 539.00 499.00 124.99 29.99 239.00 69.99 79.00 129.00 189.99 15.99 180.00 40.00 509.00 239.00 1,299.00 1,099.00 99.00 1,399.00 169.00 27.00 69.90 195.00 110.00 229.00 249.00 259.00 299.00 899.00 19.00 22.99 179.00 29.99 549.99 369.00 169.00 749.00 13.99 49.80 60.00 399.00 49.99 9.99 60.00 40.80 79.00 23.00 22.00 21.00 1,799.00 859.00 16.00 249.00 1,399.00 165.00 169.00 249.00 179.00 1,029.00 169.98 42.00 399.00 479.99 79.99 179.99 116.10 1,399.00 2,299.00 899.00 199.00 119.00 589.00 99.00 1,329.00 629.99 199.99 23.99 109.00 189.99 69.99 189.00 899.00 129.00 69.99 74.99 109.00 129.00 40.50 26.99 389.00 209.00 399.00 1,099.00 699.00 21.00 38.00 450.00 550.00 279.00 269.00 79.99 359.00 199.00 359.00 119.00 42.49 40.50 45.00 55.00 69.99 609.00 199.00 49.99 239.99 579.00 159.00 12.00 379.00 15.00 19.00 279.00 245.00 319.99 86.99 899.00 179.00 72.99 1,299.00 219.00 99.00 1,099.00 439.00 949.00 344.99 109.00 79.00 119.00 15.90 26.90 79.00 4,899.00 49.00 999.00 109.99 2,699.00 79.99 24.99 39.99 29.00 777.00 19.00 18.99 79.99 109.99 22.99 25.00 19.99 69.90 129.99 389.99 39.99 249.00 749.99 299.00 59.99 89.00 54.99 234.00 199.00 24.99 13.99 239.99 34.99 14.99 649.00 139.00 15.99 519.00 799.99 89.00 "
